AOI,NAME,NAME_1,NonHispanicBlackAfricanAmerican2022Percentage,NeighborhoodAreaFt,AllSingleFamParcelsCount,CorpSspctParcelsCount,ProportionSingFamParcelsCorpSspct,ProportionSingleFamilyAreaCorpSspct,ProportionNeighborhoodAreaCorpSspct,CorpSspct_AreaFeetSum,CorpSspct_AreaFeetMin,CorpSspct_AreaFeetMax,CorpSspct_AreaFeetRange,CorpSspct_AreaFeetMean,CorpSspct_AreaFeetMedian,CorpSspct_AreaFeetStddev,CorpSspct_AreaFeetQ1,CorpSspct_AreaFeetQ3,CorpSspct_AreaFeetIqr,NotCorpSspctAreaFeet_Sum,NotCorpSspctAreaFeet_Min,NotCorpSspctAreaFeet_Max,NotCorpSspctAreaFeet_Range,NotCorpSspctAreaFeet_Mean,NotCorpSspctAreaFeet_Median,NotCorpSspctAreaFeet_Stddev,NotCorpSspctAreaFeet_Q1,NotCorpSspctAreaFeet_Q3,NotCorpSspctAreaFeet_Iqr
,Adair Park,Adair Park,74.3,12600960.43,498,93,0.186746988,0.13430666,0.063071204,794757.7422,2737.900879,50884.41187,48146.51099,8454.869598,7718.122925,5218.404176,6553.661133,9222.733398,2669.072266,5122727.995,2384.648682,721207.4851,718822.8364,12648.7111,8967.942139,44022.33753,7379.356689,10093.0708,2713.714111
,Adams Park,Adams Park,93,27378542.84,723,86,0.118948824,0.075952601,0.067446783,1846594.636,8050.145752,129127.4668,121077.321,20748.25433,15488.84033,18031.36928,13406.40308,22677.79663,9271.393555,22465866.08,1882.348389,5609305.896,5607423.548,33282.76456,18684.75464,218116.548,13940.26697,24988.14746,11047.88049
,Adamsville,Adamsville,93.1,25410961,690,128,0.185507246,0.225167442,0.143827612,3654797.843,6465.53418,491941.4785,485475.9443,28553.10815,14720.55359,56365.49483,11011.09106,20594.22949,9583.138428,12576668.9,201.9699707,781502.083,781300.113,22378.41442,14100.61975,42555.85838,10576.77734,21681.9856,11105.20825
,Almond Park,Almond Park,96.5,14693291.21,374,178,0.475935829,0.296871828,0.26332015,3869039.648,3329.977051,192651.6184,189321.6414,21736.1778,13607.10291,25330.3341,8901.737549,22978.45044,14076.71289,9163654.22,1884.19043,1583015.785,1581131.594,46753.33786,10537.90503,178994.2061,7661.039429,17182.40247,9521.363037
,Ansley Park,Ansley Park,8.9,16926842.96,786,47,0.059796438,0.028077321,0.040557641,686512.8237,932.4140625,65666.04834,64733.63428,14010.46579,11528.22095,10827.9125,8745.465576,15934.87305,7189.407471,23764282.54,100,2252736.644,2252636.644,34947.47433,12549.87036,135938.2298,8811.966431,16932.96997,8121.00354
,Arden/Habersham,Arden Habersham,2.4,4992431.48,130,4,0.030769231,0.021477289,0.028228295,140927.8286,18536.60254,45242.12646,26705.52393,28185.56572,20573.92456,10592.33539,20573.92456,36001.25049,15427.32593,6420786.217,1868.455566,784462.5813,782594.1257,43092.52494,30235.44019,65141.04089,21335.99365,49474.479,28138.48535
,Ardmore,Ardmore,21.4,3673664.928,193,10,0.051813472,0.320833668,0.30625216,1125067.82,14037.88745,147010.0544,132972.167,112506.782,147010.0544,53161.71474,40979.77563,147010.0544,106030.2788,2381633.416,99.99951172,268835.4292,268735.4297,20891.52119,14882.42773,26685.14108,12173.71118,19275.45239,7101.741211
,Argonne Forest,Argonne Forest,2.4,7535976.508,227,11,0.04845815,0.130232062,0.133067904,1002796.599,19869.3877,160627.7461,140758.3584,71628.32849,53043.02966,49817.89899,25925.51221,101559.3218,75633.80957,6697278.068,4926.14502,100007.7783,95081.6333,28378.2969,23454.74597,16720.68667,18820.89197,29252.86304,10431.97107
,Arlington Estates,Arlington Estates,98,9401121.692,357,45,0.12605042,0.418538895,0.572551149,5382623.021,8004.275146,1827728.53,1819724.255,117013.5439,15083.28064,379730.2434,11969.89111,20528.74194,8558.85083,7477885.5,8227.085449,1186487.864,1178260.779,23967.58173,14524.18604,75434.26039,12020.87769,18129.71179,6108.834106
,Atkins Park,Atkins Park,5.5,1512563.014,165,7,0.042424242,0.067337126,0.048085463,72732.29346,6705.044434,16244.29126,9539.246826,10390.32764,7965.21875,3947.175954,7208.116821,13700.75269,6492.635864,1007389.443,1036.534668,20199.06226,19162.52759,7247.406067,7063.941895,2716.606758,5850.647217,8953.055176,3102.407959
,Audobon Forest,Audobon Forest,87.8,21667356.33,307,17,0.055374593,0.037892943,0.045741542,991098.2939,20309.28857,116825.3618,96516.07324,55061.01633,52246.16309,23087.70021,40100.56152,63940.64087,23840.07935,25164122.38,697.8757324,2271185.43,2270487.554,78884.39619,46275.61743,218491.6537,26573.86072,61899.45679,35325.59607
,Audobon Forest West,Audobon Forest West,87.8,5805870.601,191,17,0.089005236,0.095750584,0.100633058,584262.5149,18627.69604,125201.1169,106573.4209,34368.38323,23596.80469,27116.57807,19467.89526,32069.55029,12601.65503,5517658.619,701.5695801,131855.8752,131154.3057,31710.68172,28329.20398,16841.58451,20586.84814,36120.52466,15533.67651
,Baker Hills,Baker Hills,90,7990801.014,405,65,0.160493827,0.202397568,0.179045337,1430715.66,8819.564697,580075.3279,571255.7632,22011.01015,11693.15112,69973.04833,9932.324707,15372.87451,5440.549805,5638122.536,5686.005615,415222.2407,409536.2351,16582.71334,11624.33142,31785.95178,9804.689941,15031.58044,5226.890503
,Bakers Ferry,Bakers Ferry,90,6995126.192,96,10,0.104166667,0.193059602,0.179311939,1254309.644,7273.750488,669399.6301,662125.8796,125430.9644,19953.28735,203868.8969,13880.98657,118313.7451,104432.7585,5242697.673,5910.454346,1115741.782,1109831.328,60961.60084,17951.57617,165687.4222,15323.49365,32605.60156,17282.10791
,Bankhead/Bolton,Bankhead Bolton,95.2,24613700.79,49,20,0.408163265,0.130865865,0.027141072,668042.2156,15202.97021,47475.68262,32272.7124,33402.11078,38679.5791,9077.010914,27202.14124,38679.5791,11477.43787,4436743.647,12449.979,1115968.103,1103518.124,152991.1602,31578.7583,291884.7193,22500.65869,57932.85962,35432.20093
,Beecher Hills,Beecher Hills,93.4,12397196.94,329,36,0.109422492,0.025721956,0.060373432,748461.321,7310.224121,31313.75513,24003.53101,20790.59225,21233.12,5987.302467,16078.36047,25086.77734,9008.41687,28349688.45,3519.732422,4895579.665,4892059.933,91156.5545,21522.78247,476009.8421,17416.80396,27606.83801,10190.03406
,Ben Hill,Ben Hill,98,29848191.86,353,114,0.322946176,0.513886943,0.718219711,21437559.74,6173.149414,5013874.115,5007700.966,164904.3057,15697.67456,721817.7272,10794.47266,21031.40356,10236.93091,20278930.67,3108.032715,2385743.704,2382635.672,75951.0512,16764.04443,251753.8387,10471.04932,44808.84888,34337.79956
,Ben Hill Acres,Ben Hill Acres,94.9,4111583.184,86,8,0.093023256,0.057521283,0.04146132,170471.6667,4834.926758,31775.48657,26940.55981,21308.95834,20403.58813,7966.144714,18647.72095,27879.31763,9231.59668,2793156.026,8609.280273,433151.1426,424541.8623,35809.69264,22625.03723,50984.76582,19213.54419,41099.52734,21885.98315
,Ben Hill Forest,Ben Hill Forest,97.9,4173013.98,68,9,0.132352941,0.394144224,0.511120721,2132913.914,25744.46948,901236.9937,875492.5242,177742.8262,28279.79382,266882.2361,27133.97095,230000.9739,202867.0029,3278592.29,5781.365723,286501.552,280720.1863,38571.674,28551.34619,38391.58589,22905.01147,35530.13232,12625.12085
,Ben Hill Pines,Ben Hill Pines,97.9,1980057.637,106,18,0.169811321,0.141761047,0.14978715,296587.1897,10128.09155,68512.99097,58384.89941,16477.06609,13697.99109,12845.21777,11497.84009,15266.98242,3769.142334,1795575.618,8117.522461,232307.5918,224190.0693,20404.26838,13321.40601,32223.30369,11315.94617,17128.98425,5813.038086
,Ben Hill Terrace,Ben Hill Terrace,92.1,9243017.93,159,22,0.13836478,0.145695907,0.111739729,1032812.322,14535.25,135053.3066,120518.0566,46946.01462,45085.3302,28574.15222,26567.78882,48121.13184,21553.34302,6056009.491,2516.257324,310392.323,307876.0657,44204.44884,44106.01294,31124.34432,26922.1438,48829.97437,21907.83057
,Benteen Park,Benteen Park,42.3,7864496.534,247,28,0.113360324,0.097877047,0.080402522,632325.3545,4875.221436,237558.8003,232683.5789,22583.04837,13084.27771,42452.48839,8745.949341,15675.03516,6929.085815,5828079.546,3766.916504,946443.6174,942676.7009,25121.03253,11189.198,74510.60705,8439.966309,15150.52698,6710.560669
,Berkeley Park,Berkeley Park,31.1,13080788.16,211,21,0.099526066,0.086493486,0.01671907,218698.6106,5748.941895,35552.75659,29803.8147,10414.21955,7468.766602,7327.342363,6857.987549,9121.386963,2263.399414,2309799.452,710.4331055,442042.3418,441331.9087,12156.83922,7568.494995,32358.42095,6164.845459,8466.357422,2301.511963
,Betmar LaVilla,Betmar LaVilla,92.3,3156767.561,46,9,0.195652174,0.106838548,0.027244738,86005.3042,7076.552979,12115.11572,5038.562744,9556.144911,9216.251221,1526.207762,8465.62793,10666.81567,2201.187744,718997.249,6843.929443,326985.1235,320141.1941,19432.35808,9870.603027,51480.44305,8017.210693,11623.38965,3606.178955
,Blair Villa/Poole Creek,Blair Villa Poole Creek,89,36930406.98,314,54,0.171974522,0.152788102,0.045163007,1667888.212,7047.655762,545147.4338,538099.7781,30886.81875,11280.95947,78676.90687,10321.16626,16564.41577,6243.249512,9248460.547,4378.143066,850939.7297,846561.5867,35571.0021,11641.94397,95091.67186,9373.873779,16650.53284,7276.659058
,Bolton,Bolton,30.5,42021277.26,336,19,0.056547619,0.057949503,0.016236035,682258.9441,8284.257324,169459.0405,161174.7832,35908.36548,14395.08301,42847.22439,9743.051758,36885.41553,27142.36377,11091076.64,168.6782227,1305675.737,1305507.059,41230.76816,11123.62134,135462.3039,9165.752197,19460.56763,10294.81543
,Bolton Hills,Bolton Hills,79,2030575.342,123,22,0.178861789,0.191560151,0.27255697,553447.4626,7397.729248,318782.28,311384.5508,25156.70285,10741.46252,64129.61464,9675.979492,12548.78003,2872.800537,2335710.116,2710.629639,943074.845,940364.2153,23125.84273,10740.55078,93986.71916,8980.98999,13847.3186,4866.328613
,Boulder Park,Boulder Park,90,16814011.04,183,23,0.12568306,0.119978571,0.212993146,3581269.115,6972.736572,1149272.376,1142299.639,143250.7646,14903.54468,311497.166,12470.84082,68165.89771,55695.05688,26267970.41,3303.046387,2919263.957,2915960.911,146748.4381,22073.52319,417315.7922,12002.823,57810.77417,45807.95117
,Boulevard Heights,Boulevard Heights,42.3,6107540.213,341,37,0.108504399,0.055435408,0.06491274,396457.1711,5822.417969,24981.03491,19158.61694,8259.524399,6327.397949,3784.306227,6109.842163,8729.67041,2619.828247,6755238.578,3149.702881,2186538.741,2183389.038,18159.24349,7666.86377,119863.1425,6430.296997,10450.3866,4020.0896
,Brandon,Brandon,3.8,17853189.33,394,24,0.060913706,0.031312257,0.041347008,738175.9614,17620.18774,128382.2495,110762.0618,29527.03846,23929.38062,21663.4397,20151.33545,28493.10693,8341.771484,22836488.61,2000.700684,1593760.998,1591760.297,54632.74787,32084.76953,124147.0149,21283.66724,48194.34521,26910.67798
,Brentwood,Brentwood,97.9,2023496.436,94,10,0.106382979,0.041767589,0.089771361,181652.0288,9984.708984,39414.00952,29429.30054,18165.20288,16245.02917,8825.881228,10995.62964,23170.5022,12174.87256,4167462.51,8558.935791,1387131.568,1378572.632,49612.64893,16442.39404,178474.7168,11927.41187,21262.36182,9334.949951
,Briar Glen,Briar Glen,94.9,2898718.559,149,19,0.127516779,0.239714608,0.247700472,718013.9551,7836.386475,498470.7234,490634.3369,37790.20816,11409.52759,108634.7752,9948.893555,13893.37134,3944.477783,2277272.65,7672.207764,47183.30078,39511.09302,17517.48192,15982.52197,8550.532328,10974.03613,21061.57227,10087.53613
,Brookhaven,Brookhaven,1.6,27744187.42,773,47,0.06080207,0.083587223,0.075544141,2095910.807,7774.978516,145564.0527,137789.0742,44593.84695,29355.33301,37989.53088,20806.80701,48565.33862,27758.53162,22978624.91,158.5974121,3809560.682,3809402.084,35736.58617,26078.57129,151166.7053,20440.74609,33995.60706,13554.86096
,Brookview Heights,Brookview Heights,79,15035704.75,17,1,0.058823529,0.003514799,0.000887436,13343.2312,13343.2312,13343.2312,0,13343.2312,13343.2312,0,13343.2312,13343.2312,0,3782956.813,4701.979004,2986936.083,2982234.104,236434.8008,42865.81396,713287.2762,18486.453,63010.69763,44524.24463
,Brookwood,Brookwood,21.4,4406751.109,131,8,0.061068702,0.21759449,0.113873133,501810.5564,49739.14307,98039.18115,48300.03809,62726.31955,49739.14307,18216.26856,49739.14307,77537.82996,27798.68689,1804362.535,532.2431641,268835.4292,268303.186,20504.11971,12227.91724,30329.93772,9607.342285,23956.0188,14348.67651
,Brookwood Hills,Brookwood Hills,13,8687531.234,403,24,0.05955335,0.150420762,0.167896987,1458610.321,7525.488037,84411.10815,76885.62012,60775.43004,76451.69336,27033.53551,47505.09656,76451.69336,28946.5968,8238257.968,301.1594238,748778.3726,748477.2131,22447.56939,11700.54736,59444.76137,9862.141113,16321.12524,6458.984131
Y,Browns Mill Park,Browns Mill Park,78.1,28589892.24,555,99,0.178378378,0.174971774,0.143010463,4088653.725,7270.004395,685236.8003,677966.7959,40886.53725,14476.89929,104779.2241,10492.32739,21508.22839,11015.901,19278850.85,2587.030273,6924257.279,6921670.249,42093.56081,12784.56738,327846.7319,10590.45142,18447.13477,7856.68335
,Buckhead Forest,Buckhead Forest,11.2,8724029.303,130,11,0.084615385,0.404169956,0.161578626,1409616.667,4345.751465,423727.2532,419381.5017,128146.9697,26672.97607,156558.2419,12441.92053,217569.1774,205127.2568,2078066.286,5154.795166,139289.366,134134.5708,17317.21905,12948.52026,18891.05047,9982.788574,16361.61621,6378.827637
,Bush Mountain,Bush Mountain,83.9,2169448.603,87,20,0.229885058,0.142221741,0.100401828,217816.606,5792.369141,51997.07886,46204.70972,10890.8303,8252.974731,9750.154059,6626.883911,10836.90039,4210.016479,1313711.583,3225.679932,376851.3579,373625.678,19319.28799,10009.46094,46312.28922,8009.723511,12639.12195,4629.398438
,Butner/Tell,Butner Tell,98,6267544.837,110,13,0.118181818,0.240893493,0.245899844,1541188.299,16045.51099,590482.0879,574436.5769,118552.9461,43376.42603,158004.2849,19407.11792,185572.1702,166165.0522,4856611.321,7607.086426,347667.9434,340060.8569,49557.25838,34272.13464,56408.20291,18999.88306,45266.70459,26266.82153
,Campbellton Road,Campbellton Road,92.4,18834351.76,261,27,0.103448276,0.12137754,0.038504005,725197.9658,8723.741699,208722.6824,199998.9407,26859.18392,15532.91333,38421.65102,12502.56091,20622.27161,8119.710693,5249531.503,1741.172607,116533.6357,114792.4631,22433.89531,17560.47803,17592.64866,12716.55884,25301.00391,12584.44507
,Candler Park,Candler Park,4,18138661.37,754,37,0.049071618,0.062030313,0.041504204,752830.71,666.3735352,181720.2061,181053.8325,20346.77594,7059.250977,40149.73209,6183.299561,15227.00073,9043.701172,11383666.36,259.3613281,2117678.658,2117419.297,15854.68853,7110.773682,114090.0948,6373.673096,9000.01123,2626.338135
,Capitol View,Capitol View,68.3,16052870.19,894,147,0.16442953,0.13439589,0.087396623,1402966.643,5778.109375,75408.36304,69630.25366,9051.397699,8137.892578,5827.353189,6723.973022,9724.057617,3000.084595,9036092.494,3333.79541,2126961.767,2123627.971,11873.97174,7376.222168,78666.3322,6541.018311,9328.875732,2787.857422
,Capitol View Manor,Capitol View Manor,68.3,6397086.006,338,60,0.177514793,0.18048903,0.136887991,875684.2488,6535.46167,159931.9231,153396.4614,14355.47949,9562.92334,21709.60542,8788.013428,11051.35229,2263.338867,3976046.89,3677.82959,319551.0337,315873.2041,14200.16746,9022.520996,30264.5752,7754.962402,10864.41687,3109.454468
,Carey Park,Carey Park,96.5,14523032.97,476,223,0.468487395,0.501420378,0.379665679,5513897.168,1793.402588,646936.5122,645143.1096,24397.77508,7474.979492,69734.00742,6992.777344,13204.59375,6211.816406,5482658.645,1798.238525,1583015.785,1581217.546,21500.62214,8288.114014,102607.7781,6790.904541,13343.91675,6553.012207
,Carroll Heights,Carroll Heights,95.2,11788398.39,642,132,0.205607477,0.137830448,0.144461614,1702971.055,2838.10083,139187.4819,136349.3811,12901.29587,9979.611206,15930.28091,8907.365234,11811.91602,2904.550781,10652579.42,3278.011475,1115968.103,1112690.091,20887.41063,9983.694092,80053.94117,8991.519287,12313.05981,3321.540527
,Carver Hills,Carver Hills,69.6,9022437.109,382,81,0.212041885,0.093417021,0.189448407,1709286.339,6106.803711,351268.2356,345161.4319,21102.30048,9798.767578,47986.62968,8642.831299,13716.59937,5073.768066,16588089.38,1280.637451,5360672.468,5359391.831,55109.93148,10513.2605,431225.9951,8892.040039,13826.52905,4934.489014
,Cascade Avenue/Road,Cascade Avenue Road,87.3,29328960.29,996,182,0.182730924,0.080292138,0.077111497,2261600.032,1912.433838,153033.093,151120.6592,12358.47012,9476.102539,12088.83562,8422.46814,13897.49939,5475.03125,25905541.87,800.7578125,4895579.665,4894778.907,31211.49623,10664.11804,219344.0334,8918.194092,15960.50244,7042.30835
,Cascade Heights,Cascade Heights,92.1,28727609.25,546,34,0.062271062,0.058036258,0.064927661,1865216.485,13438.7417,303585.1829,290146.4412,51811.56902,31234.33838,57432.7329,24372.91089,56212.48206,31839.57117,30273597.47,3712.526123,1923070.55,1919358.024,58106.71299,29030.50073,154704.4235,21574.12671,44280.35059,22706.22388
,Castlewood,Castlewood,3.8,9073224.747,305,4,0.013114754,0.015002163,0.016043323,145564.6733,12729.01465,83757.23291,71028.21826,36391.16833,24539.21289,27861.11998,17029.8717,55752.46497,38722.59326,9557347.986,2000.700684,472538.7258,470538.0251,30534.6581,26360.2251,32116.64595,20980.25,33334.1709,12353.9209
,Center Hill,Center Hill,91.6,30653084.53,1185,243,0.205063291,0.167009059,0.172414514,5285036.666,4284.334229,1238227.007,1233942.673,20972.36772,9437.260498,85213.24928,7861.840698,11914.27148,4052.430786,26360172.88,280.6237793,2881250.844,2880970.22,27544.59026,9693.487793,148003.1662,7973.095947,13584.42749,5611.331543
,Chalet Woods,Chalet Woods,87.8,3343174.914,151,28,0.185430464,0.192384156,0.204112534,682383.9033,13497.77295,73284.86108,59787.08813,23530.47942,19676.00171,11368.45216,18078.64526,24436.72949,6358.084229,2864602.068,8307.243164,77871.16504,69563.92188,22379.70366,20121.8031,8403.981466,17959.50232,25336.77185,7377.269531
,Channing Valley,Channing Valley,7.6,3178276.375,127,2,0.015748032,0.020953511,0.011362851,36114.2793,14234.35889,21879.92041,7645.561523,18057.13965,18057.13965,3822.780762,14234.35889,21879.92041,7645.561523,1687428.788,6354.831299,39274.18188,32919.35059,13499.43031,11932.62012,5264.465502,10346.70435,15431.76733,5085.062988
,Chastain Park,Chastain Park,6.9,46800117.93,882,41,0.046485261,0.07129674,0.081751829,3825995.224,17948.52295,631726.8218,613778.2988,78081.53519,46346.17358,119612.7005,28084.59497,76667.63403,48583.03906,49836980.43,39.66552734,7151669.939,7151630.274,51272.61361,31169.29077,255392.2586,22681.76123,43994.28723,21312.526
,Chattahoochee,Chattahoochee,79,9050484.007,3,1,0.333333333,0.986991885,0.094510635,855366.9883,855366.9883,855366.9883,0,855366.9883,855366.9883,0,855366.9883,855366.9883,0,11273.35718,3258.193359,8015.163818,4756.970459,5636.678589,5636.678589,2378.485229,3258.193359,8015.163818,4756.970459
,Chosewood Park,Chosewood Park,58.9,24412468.21,353,72,0.203966006,0.332449821,0.075680328,1847543.595,2714.503418,580895.0881,578180.5847,25660.32771,9192.23938,76098.90352,7663.799316,13268.54102,5604.741699,3709817.186,2887.400635,251748.9626,248861.562,13202.19639,8831.227783,22486.67694,7671.12793,10575.19678,2904.068848
,Collier Heights,Collier Heights,95.3,54324347.07,2037,246,0.120765832,0.105628644,0.088002637,4780685.8,6713.718018,156408.4563,149694.7383,18529.78992,12718.04749,21347.65723,9744.691895,18487.96069,8743.268799,40478683.66,23.52294922,1649187.703,1649164.18,21181.93807,13533.68945,61009.7608,10480.47559,19156.10925,8675.633667
,Collier Hills,Collier Hills,13.9,6595614.803,298,9,0.030201342,0.021643794,0.021358608,140873.1531,6361.482666,25544.04443,19182.56177,14087.31531,12884.021,6231.661243,11318.66992,13866.08374,2547.413818,6367835.712,4829.916504,838248.0393,833418.1228,21512.95849,13369.10767,69046.96466,11378.17456,16452.20239,5074.027832
,Collier Hills North,Collier Hills North,13.9,3085089.734,126,6,0.047619048,0.035070206,0.044053501,135909.0022,10250.9397,52029.57007,41778.63037,22651.50037,16154.51343,14039.69424,14602.33276,26717.13281,12114.80005,3739431.805,8567.437988,838248.0393,829680.6013,30904.39508,14303.82446,106460.9174,11756.82544,18153.69727,6396.871826
,Colonial Homes,Colonial Homes,13.9,1194477.855,4,1,0.25,0.194536518,0.043558422,52029.57007,52029.57007,52029.57007,0,52029.57007,52029.57007,0,52029.57007,52029.57007,0,215424.4314,12167.2439,91769.61206,79602.36816,53856.10785,55743.78772,38007.37392,15942.60364,91769.61206,75827.00842
,Cross Creek,Cross Creek,27.8,7791988.71,374,27,0.072192513,0.870937899,2.200266465,17144451.45,151381.2627,676623.1929,525241.9302,634979.6834,676623.1929,98044.41239,624610.9475,676623.1929,52012.24536,2540593.234,18846.90796,1758274.571,1739427.663,181470.9453,33969.323,444609.6901,21938.76465,60154.32813,38215.56348
,Custer/McDonough/Guice,Custer McDonough Guice,42.3,12555914.69,446,75,0.168161435,0.109089773,0.125276483,1572960.828,5684.672119,116034.3782,110349.7061,20696.853,11272.74194,20290.03821,9438.292603,20762.87073,11324.57813,12845996.98,750.4711914,1525582.573,1524832.102,34164.88559,11829.56213,117391.5698,9403.310547,17436.82813,8033.517578
,Deerwood,Deerwood,97.9,5149805.746,265,40,0.150943396,0.114076192,0.118335555,609405.1233,6362.763428,31312.03613,24949.27271,15235.12808,13823.81409,5298.150487,11527.3905,17829.45435,6302.063843,4732683.464,4172.347168,749225.0833,745052.7361,21034.14873,13251.3208,67487.18612,11473.40161,15932.07471,4458.673096
,Dixie Hills,Dixie Hills,90.2,20375775.12,976,184,0.18852459,0.202375814,0.228149802,4648729.061,2794.929932,1238227.007,1235432.077,23962.52093,9591.920044,107612.1842,8175.567139,11600.28271,3424.715576,18322044.83,570.5554199,2422094.061,2421523.506,21837.9557,9406.425537,130742.9097,7440.33313,11555.05933,4114.726196
,Druid Hills,Druid Hills,4,14851292.96,65,7,0.107692308,0.049487041,0.024499404,363847.824,10900.49609,158701.1958,147800.6997,51978.26057,20211.85327,53019.72034,16784.99194,70232.14746,53447.15552,6988538.154,2315.12085,2117678.658,2115363.537,118449.7992,14473.38965,418073.3767,8758.508911,32852.68274,24094.17383
,East Ardley Road,East Ardley Road,92.1,2860966.622,106,4,0.037735849,0.033710497,0.029164059,83437.39966,18479.59521,22758.85449,4279.259277,20859.34991,21099.47498,1805.276293,19114.12598,22604.57385,3490.447876,2391678.888,16699.89819,79491.82324,62791.92505,23447.83224,21311.70398,7374.0396,19145.86865,25641.74609,6495.877441
Y,East Atlanta,East Atlanta,27.7,40577407.29,2492,142,0.056982344,0.067976157,0.051804634,2102097.733,649.5334473,267787.7473,267138.2139,14497.22574,9436.191162,28115.53045,7499.859619,11892.26538,4392.405762,28821947.05,129.7119141,434037.9268,433908.2148,12034.21589,9441.07959,17448.15633,7718.180908,11628.81201,3910.631104
,East Chastain Park,East Chastain Park,6.9,15216114.62,484,30,0.061983471,0.177292408,0.127332024,1937498.671,11894.81836,465712.6973,453817.8789,64583.28904,28053.12256,85257.25497,23557.8147,70732.01196,47174.19727,8990767.776,3095.059326,418959.8342,415864.7749,32224.97411,25064.31909,39279.13672,18598.74622,33822.97778,15224.23157
,East Lake,East Lake,46.3,34095956.58,1434,107,0.074616457,0.042220627,0.0437628,1492134.528,496.9204102,78320.49121,77823.5708,13204.73034,10060.71387,11428.8879,7504.154297,13309.6167,5805.462402,33849228.89,174.9650879,7766017.89,7765842.925,24962.55818,10322.53259,297975.9646,8371.974609,13941.70642,5569.731812
,Edgewood,Edgewood,38.4,24131319.79,869,98,0.112773303,0.093416784,0.035431479,855008.3589,608.0112305,90976.70728,90368.69604,8636.44807,7232.002441,9145.159824,5744.54126,8541.703369,2797.162109,8297612.018,210.6086426,722880.7761,722670.1675,10706.59615,7500.114014,31652.37902,6781.477783,8648.174194,1866.696411
,Edmund Park,Edmund Park,5.6,839550.3892,114,2,0.01754386,0.024897928,0.04414229,37059.677,11803.17285,13453.3313,1650.158447,12353.22567,11803.17285,777.8921521,11803.17285,12628.25208,825.0792236,1451404.618,2986.574951,362223.5442,359236.9692,11995.07949,5037.929443,45575.84278,4073.291016,6882.760254,2809.469238
,Elmco Estates,Elmco Estates,98,5775345.09,190,32,0.168421053,0.169942023,0.158260654,914009.8931,7735.159912,281019.4451,273284.2852,28562.80916,14631.48889,47372.30732,11477.41064,31512.38342,20034.97278,4464353.146,2941.893066,279387.9548,276446.0618,28255.39966,14560.79138,39031.04784,11702.30859,24664.36841,12962.05981
,English Park,English Park,79,4766902.878,122,30,0.245901639,0.24705878,0.173769774,828343.635,5436.346191,104001.8965,98565.55029,27611.4545,17606.27124,28267.82175,10695.20581,24864.78711,14169.5813,2524476.435,6192.925537,411085.6772,404892.7517,27439.96125,20178.98621,42457.21422,14569.72034,31825.84705,17256.12671
,Fairburn,Fairburn,98,5002626.611,212,74,0.349056604,0.329201255,0.293453551,1468038.545,5260.480225,204864.4421,199603.9619,19573.84727,8268.075439,29442.69144,7502.195679,16068.11902,8565.92334,2991356.799,5017.068115,724279.8706,719262.8025,21676.49854,9851.311279,63147.02857,7562.02832,17220.89233,9658.864014
,Fairburn Heights,Fairburn Heights,95.2,15530107.8,463,77,0.166306696,0.079627347,0.061756614,959086.8701,7077.202881,39704.59595,32627.39307,12455.67364,10830.34155,6102.932126,8227.111084,14635.34204,6408.230957,11085605.16,6292.569824,1342697.544,1336404.975,28719.18436,10373.15552,97760.123,8393.722168,16001.05371,7607.331543
,Fairburn Mays,Fairburn Mays,90.8,17553150.13,364,19,0.052197802,0.005141444,0.097136933,1705059.17,12533.28394,1189203.058,1176669.774,89739.95634,25133.0437,259631.1702,16471.65479,44224.79602,27753.14124,329925366,9659.569092,1816718.805,1807059.236,953541.5203,1189654.298,462287.8709,1189654.298,1189654.298,0
,Fairburn Road/Wisteria Lane,Fairburn Road Wisteria Lane,90,3634892.503,61,12,0.196721312,0.155812575,0.16122913,586050.5549,9345.599121,196921.6809,187576.0818,48837.54624,17909.68457,55205.594,12705.73254,80253.11597,67547.38342,3175202.705,9266.241943,833576.4028,824310.1609,64800.0552,25159.34814,156776.0577,15129.40552,36520.44995,21391.04443
,Fairburn Tell,Fairburn Tell,98,7646480.062,106,40,0.377358491,0.40455124,0.577660019,4417065.818,12134.78027,2614307.37,2602172.59,102722.4609,21016.13721,392227.7413,17131.0752,29516.30542,12385.23022,6501367.689,10129.58447,423702.8931,413573.3086,85544.3117,38892.98535,101674.7674,21776.01294,99427.69299,77651.68005
,Fairway Acres,Fairway Acres,98,5381332.77,199,36,0.180904523,0.372831095,0.423777984,2280490.35,9065.817383,1827728.53,1818662.713,63346.95418,13405.07593,298247.1237,10579.31543,14427.78052,3848.465088,3836194.614,2554.958008,431998.2026,429443.2446,23249.66433,14043.18555,41520.67279,11503.74072,17783.08667,6279.345947
,Fernleaf,Fernleaf,17.9,2373813.079,88,4,0.045454545,0.263469663,0.258735019,614188.571,10269.98218,562516.4597,552246.4775,153547.1428,20701.06458,236157.8416,15024.98853,292069.297,277044.3085,1716966.234,5249.308594,265160.0535,259910.7449,20440.07422,14205.9751,29377.32584,11094.49512,19318.73669,8224.241577
,Florida Heights,Florida Heights,93.4,10763710,542,74,0.136531365,0.01969639,0.0879863,947059.0149,4517.799072,73284.86108,68767.06201,12461.30283,10168.49133,9634.507572,7935.938599,13497.77295,5561.834351,47135812.71,1999.5979,12395523.6,12393524,98404.61943,10136.65747,908144.9608,9002.29895,14401.13135,5398.832397
,Fort McPherson,Fort McPherson,87.4,22461587.2,8,3,0.375,0.627863726,0.396764475,8911959.843,10238.84961,8883890.054,8873651.205,2970653.281,17830.93872,4181290.97,14034.89417,4450860.496,4436825.602,5282139.091,8865.587402,5230870.022,5222004.434,1056427.818,13568.3269,2087222.953,11472.98193,17362.17285,5889.190918
,Garden Hills,Garden Hills,4.9,21008612.9,819,54,0.065934066,0.03545221,0.034959018,734440.4734,2471.32959,53713.32324,51241.99365,13600.74951,12096.05151,8415.124982,9428.204346,14484.60693,5056.402588,19981911.81,505.8811035,707430.679,706924.7979,26018.11433,12570.85168,57691.27012,10162.00867,15829.85364,5667.844971
,Glenrose Heights,Glenrose Heights,89,38877337.84,981,145,0.147808359,0.02231659,0.132077204,5134810.088,7357.526123,729792.1831,722434.657,35412.48336,11805.77808,107420.5781,9692.373291,16047.86377,6355.490479,224954553.8,395.6411133,1549005.13,1548609.489,269084.3945,17225.07898,361577.7458,10708.56445,824455.4639,813746.8994
,Grant Park,Grant Park,30.8,48274660.91,20,4,0.2,0.319744855,0.000915264,44184.03613,3352.4104,22250.73438,18898.32397,11046.00903,9290.445679,6914.957821,6107.760254,15984.25781,9876.497559,94001.25562,3007.518311,11476.17017,8468.651855,5875.078476,4871.687866,2615.619279,4121.559448,7460.64917,3339.089722
,Green Acres Valley,Green Acres Valley,92.1,2123882.469,96,6,0.0625,0.130127675,0.165960389,352480.3599,16976.22949,262228.5786,245252.3491,58746.72664,18226.90735,91001.9416,17853.29395,18968.44312,1115.14917,2356246.736,4009.927002,506707.0552,502697.1282,26180.51929,18845.64685,53033.95431,18261.302,19383.1394,1121.837402
,Green Forest Acres,Green Forest Acres,92.1,4417195.129,153,10,0.065359477,0.046736896,0.044443329,196314.8555,16834.30273,25663.96729,8829.664551,19631.48555,19125.45923,2440.96887,17786.65625,20462.30615,2675.649902,4004110.735,16243.60742,655434.1335,639190.5261,28000.77437,21177.89282,53479.52414,18889.53235,25111.63245,6222.100098
,Greenbriar,Greenbriar,99.5,35810273.88,699,72,0.103004292,0.009980773,0.051257029,1835528.24,3359.539062,252987.7063,249628.1672,25493.44778,13252.26294,45335.82287,10598.16528,18960.12305,8361.957764,182070897,1012.010742,984012.4001,983000.3894,291780.2837,17808.74268,431695.1349,12369.20374,984012.4001,971643.1964
,Greenbriar Village,Greenbriar Village,91.9,1747126.086,136,18,0.132352941,0.153363874,0.219393854,383308.7251,8020.626221,116645.1516,108624.5254,21294.92917,12348.20972,24891.29807,9612.476807,17491.33521,7878.858398,2116032.975,7764.78418,520538.9995,512774.2153,17932.48284,10297.01721,47245.37302,9355.975098,12739.3396,3383.364502
,Grove Park,Grove Park,85.9,58442277.07,2213,624,0.281970176,0.292294952,0.220827828,12905681.08,3123.598633,1159755.856,1156632.257,20196.68401,9930.677979,62410.45615,7855.156372,13075.58862,5220.432251,31247257.6,743.034668,2544616.746,2543873.712,18755.8569,10513.32104,79906.13512,8347.027344,13263.40503,4916.377686
,Hammond Park,Hammond Park,67.7,16985727.06,498,119,0.238955823,0.18771115,0.093015465,1579935.308,5081.753174,138543.7163,133461.9631,13276.7673,10736.37036,12871.53094,8959.00647,13608.07153,4649.065063,6836907.866,528.3837891,880494.6558,879966.272,18039.33474,11091.21118,50008.74817,8957.931519,15531.54333,6573.611816
,Hanover West,Hanover West,17.9,4375278.377,245,1,0.004081633,0.11273142,0.133065109,582196.8928,582196.8928,582196.8928,0,582196.8928,582196.8928,0,582196.8928,582196.8928,0,4582262.944,2294.70752,283975.0906,281680.3831,29562.98674,23268.15015,25519.57067,19171.24109,33620.89978,14449.65869
,Harland Terrace,Harland Terrace,87.8,12836674.54,249,34,0.136546185,0.534248667,0.526871904,6763283.156,6446.469238,882891.6096,876445.1404,193236.6616,144860.0278,174018.2402,37226.17639,325345.2869,288119.1105,5896146.008,10100.82959,1176484.073,1166383.243,54593.94452,18423.28406,162110.3694,12953.62988,28198.69153,15245.06165
,Harvel Homes Community,Harvel Homes Community,91.6,687957.9346,65,7,0.107692308,0.040042913,0.125132659,86086.00562,8461.628174,11219.95386,2758.325684,9565.111735,9531.152832,809.4226853,8904.587891,9606.978516,702.390625,2063757.728,570.5554199,732187.4321,731616.8767,29909.53228,9487.501465,99198.31369,8887.099854,10920.42578,2033.325928
,Heritage Valley,Heritage Valley,94.9,10595220.81,390,30,0.076923077,0.106884736,0.096445238,1021858.598,8088.09375,416156.8999,408068.8062,30965.41206,17823.25415,68525.52987,15450.27271,21855.61938,6405.34668,8538520.549,4205.428223,427796.9937,423591.5654,21507.60844,17916.12915,26636.39644,14987.19263,20140.05396,5152.861328
,High Point,High Point,92.3,2840400.252,115,2,0.017391304,0.006647531,0.003721196,10569.68604,4911.942383,5657.743652,745.8012695,5284.843018,5284.843018,372.9006348,4911.942383,5657.743652,745.8012695,1579447.093,658.8916016,300607.3262,299948.4346,13977.4079,6333.106689,36155.59112,5213.594727,8719.846436,3506.251709
,Hills Park,Hills Park,31.1,42200629.7,289,39,0.134948097,0.351696253,0.141262353,5961360.257,3972.121826,5364930.565,5360958.443,152855.3912,8091.640137,845803.3644,7502.594727,11990.13782,4487.543091,10988949.02,1208.957275,2420847.263,2419638.306,43606.94056,8129.447388,264713.3778,7422.546875,10403.24878,2980.701904
,Historic Westin Heights/Bankhead,Historic Westin Heights Bankhead,88.1,18124781.31,590,240,0.406779661,0.316014768,0.11592288,2101076.841,1830.988281,298786.1563,296955.168,8754.486837,5964.127075,21566.56178,4898.915405,8001.028931,3102.113525,4547589.785,972.1293945,1350300.901,1349328.771,12993.11367,5987.697632,80622.49644,4835.567139,8577.362061,3741.794922
,Horseshoe Community,Horseshoe Community,92.1,1501450.804,51,4,0.078431373,0.033117535,0.099116093,148817.9377,24946.18237,37060.28809,12114.10571,29763.58755,30262.27808,4219.807928,26286.91113,30262.27808,3975.366943,4344811.75,16391.93018,1304146.53,1287754.6,78996.57728,25276.28662,239629.5227,23548.11804,30740.6189,7192.500854
,Hunter Hills,Hunter Hills,77.4,14051489.9,1073,240,0.223671948,0.176027139,0.146202144,2054357.951,3911.015137,26568.83154,22657.81641,8559.824798,7343.802856,3078.241646,6629.987549,9744.004028,3114.016479,9616330.789,1016.373779,1325617.873,1324601.499,11530.37265,7353.152588,48240.11429,6386.742188,9262.427246,2875.685059
,Huntington,Huntington,98,1499296.354,55,7,0.127272727,0.116231971,0.100579488,150798.4602,10822.67285,40083.4939,29260.82104,21542.63717,17878.55103,9399.882854,15200.6698,25806.20142,10605.53162,1146593.803,8917.858154,51918.90698,43001.04883,23887.3709,23250.96375,9381.052193,19263.91553,26290.76538,7026.849854
,Ivan Hill,Ivan Hill,89.2,2815961.534,89,8,0.08988764,0.101575004,0.109109632,307248.5276,19371.28101,104652.2981,85281.01709,38406.06595,30240.27588,25753.72482,24079.9502,37292.24817,13212.29797,2717595.343,7216.60498,174059.2971,166842.6921,33550.55979,30263.45239,21722.55157,22373.54614,36155.55249,13782.00635
,Joyland,Joyland,92.3,3762424.056,284,49,0.172535211,0.18523505,0.118210628,444758.511,3328.190186,79418.375,76090.18481,9076.704306,5528.71167,13261.66047,4541.320557,7550.408691,3009.088135,1956290.922,1693.333008,78228.26221,76534.9292,8324.64222,5834.142822,9138.704328,4922.64563,7969.759155,3047.113525
,Kings Forest,Kings Forest,92.1,18253392.83,397,34,0.085642317,0.23952255,0.233370837,4259809.559,10331.46118,928972.3279,918640.8667,112100.2515,19010.79797,242785.8853,17614.79541,28021.89941,10407.104,13524777.16,8657.740967,500537.5098,491879.7688,35405.17582,19571.88989,54077.53244,17959.67505,24969.7937,7010.118652
,Kingswood,Kingswood,6.9,17450447.82,253,17,0.067193676,0.112165991,0.127124477,2218379.056,15268.98413,480429.9346,465160.9504,130492.8856,46891.80713,156404.8584,43970.00049,140462.4399,96492.43945,17559265.06,12830.97021,1173384.589,1160553.618,74403.66552,46619.104,108516.5801,43648.13086,57077.91772,13429.78687
,Kirkwood,Kirkwood,26.4,42111671.85,2640,193,0.073106061,0.111781376,0.083293703,3507637.091,782.2590332,319922.5095,319140.2505,17896.10761,8136.472534,39150.64571,6488.069336,11471.64697,4983.577637,27871803.8,12.62353516,821569.0667,821556.4431,11279.56447,8317.814453,28024.11803,7132.462402,10306.91504,3174.452637
,Knight Park/Howell Station,Knight Park Howell Station,53.8,15206825.12,332,37,0.111445783,0.066282662,0.018513975,281538.7844,3720.876221,16954.48535,13233.60913,7038.469611,6099.630859,2486.454556,5692.579834,8201.982178,2509.402344,3966009.148,1927.764648,1422011.482,1420083.717,13176.11013,7000.047607,81993.5874,5511.6521,8128.522949,2616.87085
,Lake Claire,Lake Claire,8.7,13734893.4,734,16,0.021798365,0.034640898,0.020967945,287992.4846,6480.683594,53000.18677,46519.50317,16940.73439,8935.33667,14006.11577,7393.765869,16125.07007,8731.304199,8025662.912,166.5788574,286514.209,286347.6301,11146.75404,7828.990845,19550.36456,7443.211792,10081.23865,2638.026855
,Lake Estates,Lake Estates,98,1834676.868,60,1,0.016666667,0.002247808,0.00927671,17019.76465,17019.76465,17019.76465,0,17019.76465,17019.76465,0,17019.76465,17019.76465,0,7554696.179,10551.26929,2385743.704,2375192.435,119915.8124,20050.83398,436462.8547,16871.58838,24080.50293,7208.914551
Y,Lakewood,Lakewood,89.9,14963436.73,611,140,0.22913257,0.183970633,0.165784557,2480706.723,5147.165039,240449.7781,235302.613,17593.6647,10636.18774,27045.62727,9710.321777,14421.22021,4710.898438,11003547.16,714.2314453,542786.5178,542072.2864,23312.59991,11459.34692,51345.27184,9992.406494,17230.58118,7238.174683
Y,Lakewood Heights,Lakewood Heights,86.5,38456138.11,981,241,0.245667686,0.175600237,0.090847614,3493648.377,3524.643799,215412.5471,211887.9033,14436.56354,10485.85461,20110.57675,7959.880615,13091.8374,5131.956787,16401816.65,309.6708984,3410223.684,3409914.013,22134.70533,9878.800293,147602.1239,8074.361084,13036.04492,4961.683838
,Laurens Valley,Laurens Valley,93,5426095.911,141,12,0.085106383,0.049291372,0.046939443,254697.9177,16465.59277,31287.11572,14821.52295,21224.82648,19364.7384,4265.73285,17985.0415,24028.08215,6043.040649,4912492.808,16777.36719,458755.2622,441977.895,38081.33959,22900.28101,61325.45479,19120.5249,28562.21558,9441.690674
Y,Leila Valley,Leila Valley,89.9,13712533.98,264,59,0.223484849,0.249692128,0.197804238,2712397.331,7579.628906,1410519.274,1402939.646,45972.83612,12109.41235,187725.8876,10749.51282,14026.46057,3276.947754,8150569.616,5562.716309,2320752.854,2315190.137,39758.87617,11835.88525,185992.7291,10241.64453,14483.28491,4241.640381
,Lincoln Homes,Lincoln Homes,79,7256688.686,291,68,0.233676976,0.274054952,0.311439994,2260023.083,2384.2229,908547.3323,906163.1094,32286.04405,9238.539795,113741.709,7813.409424,11135.22705,3321.817627,5986582.452,1246.268799,1774081.905,1772835.636,26725.81452,8900.646362,135894.2639,7738.115723,10810.23132,3072.115601
,Lindbergh/Morosgo,Lindbergh Morosgo,36.3,16702297.13,14,2,0.142857143,0.293775119,0.018185666,303742.3892,114272.1719,189470.2173,75198.04541,151871.1946,151871.1946,37599.02271,114272.1719,189470.2173,75198.04541,730185.8428,6166.039063,398743.4832,392577.4441,60848.82023,14859.18713,107491.9234,11487.33582,51003.25867,39515.92285
,Lindridge/Martin Manor,Lindridge Martin Manor,29.3,19676040.77,481,32,0.066528067,0.043611906,0.073557988,1447329.969,3637.899414,323573.7117,319935.8123,45229.06152,14287.78674,68144.19073,10879.88782,44788.28064,33908.39282,31739249.43,255.2897949,699002.4561,698747.1663,70688.7515,13063.93652,153668.321,10052.00562,17938.56128,7886.555664
,Loring Heights,Loring Heights,40.1,12040196.54,361,24,0.066481994,0.168915105,0.061270819,737712.7053,5051.022705,209241.844,204190.8213,30738.02939,10090.5343,46210.46362,7775.677124,31875.64136,24099.96423,3629645.116,4737.499268,130464.8433,125727.344,10612.99742,8828.355713,8970.27494,7751.279053,11172.32324,3421.044189
,Magnum Manor,Magnum Manor,92.1,6537642.236,182,8,0.043956044,0.031522715,0.029782395,194706.6453,18886.65918,35518.78003,16632.12085,24338.33066,22964.96472,5084.871779,20332.52161,26853.1167,6520.595093,5982002.624,13025.72583,687999.6672,674973.9414,34379.32542,25564.505,62467.99948,20389.87524,29644.20361,9254.328369
,Margaret Mitchell,Margaret Mitchell,6.7,23552112.22,771,21,0.027237354,0.164328075,0.332329994,7827073.319,1962.441406,1589185.763,1587223.321,326128.0549,28219.93213,576539.961,19203.16162,153451.4185,134248.2568,39803700.09,99.99902344,3231057.039,3230957.04,77439.10523,25153.49194,282411.627,19562.34473,37371.01855,17808.67383
,Meadowbrook Forest,Meadowbrook Forest,94.9,3086026.485,94,18,0.191489362,0.174353452,0.121394725,374627.3354,8548.7854,132458.2859,123909.5005,20812.62975,14397.88,27306.46046,11827.06714,16827.05103,4999.983887,1774038.675,8702.606201,451224.8096,442522.2034,23342.61415,16563.37573,49864.35727,12680.85388,21258.71179,8577.85791
,Mellwood,Mellwood,97.9,1015011.348,56,10,0.178571429,0.206388968,0.210171966,213326.9302,11497.84009,68512.99097,57015.15088,21332.69302,15197.24084,16007.77107,13889.51978,19500.70825,5611.188477,820289.0242,11117.09961,113382.4822,102265.3826,17832.37009,14469.17529,14720.52391,13122.49927,19091.8147,5969.31543
,Memorial Park,Memorial Park,7.6,4042006.892,168,6,0.035714286,0.014811402,0.021990973,88887.66602,9077.20752,23271.56128,14194.35376,12698.238,9821.311279,4908.888191,9188.352905,14170.44006,4982.087158,5912412.406,25.31518555,1593760.998,1593735.683,35616.94221,16289.99878,172165.0224,12851.69409,20350.42725,7498.733154
,Midtown,Midtown,13,45668318.4,43,2,0.046511628,0.080378466,0.013004855,593909.8535,10129.63428,583780.2192,573650.585,296954.9268,296954.9268,286825.2925,10129.63428,583780.2192,573650.585,6795007.673,4049.380859,4732106.652,4728057.271,161785.897,21356.46289,721598.9058,16932.96997,39026.14478,22093.1748
,Midwest Cascade,Midwest Cascade,95.8,25982727.22,745,25,0.033557047,0.074799156,0.072478864,1883198.557,10764.7627,1019304.44,1008539.677,75327.94227,22879.35181,196682.6269,18432.54126,26422.2146,7989.67334,23293536.73,5522.106201,618929.9309,613407.8247,32307.26314,19699.20264,52836.55812,17465.80542,26448.9314,8983.125977
,Monroe Heights,Monroe Heights,79,10834012.22,229,36,0.15720524,0.511548264,0.608362229,6591003.825,7378.758057,2237548.084,2230169.326,164775.0956,16980.9978,425117.864,10364.74915,40663.81152,30299.06238,6293418.413,5210.37207,943074.845,937864.4729,28868.8918,11750.47705,93637.12318,9476.606445,16357.81055,6881.204102
,Morningside/Lenox Park,Morningside Lenox Park,5.6,62985511.66,2968,92,0.030997305,0.045896677,0.045443643,2862291.13,5441.593506,392604.2017,387162.6082,29508.15598,11718.64575,67367.35361,9350.88916,16772.43945,7421.550293,59501507.12,99.99902344,982924.7627,982824.7637,19572.86418,11072.91431,50885.56604,8949.864502,15675.04614,6725.181641
,Mozley Park,Mozley Park,77.4,12055696.33,867,176,0.202998847,0.157945038,0.119131117,1436208.565,2575.264893,22880.48853,20305.22363,8160.27594,7455.915649,2895.157068,6152.706177,9602.530273,3449.824097,7656882.168,411.0568848,1325617.873,1325206.816,11080.87144,7605.824463,51051.94747,6306.377808,9260.682251,2954.304443
,Mt. Gilead Woods,Mt. Gilead Woods,94.9,1550308.847,93,11,0.11827957,0.316009747,0.406315404,629914.3652,10079.84546,498470.7234,488390.8779,57264.94229,13110.56616,139532.6376,12357.92944,13971.08264,1613.153198,1363424.041,8598.722656,46051.38916,37452.6665,16627.12245,13088.92957,8641.061694,11509.1853,17861.3125,6352.127197
,Mt. Paran/Northside,Mt. Paran Northside,6.9,59594896.42,681,57,0.083700441,0.154589318,0.157548435,9389082.647,4506.426758,1765705.813,1761199.386,164720.7482,92262.49121,257525.2819,45954.79858,129338.8337,83384.03516,51346566.98,626.5825195,799795.9207,799169.3381,79979.0763,55567.67615,83979.67798,44703.48218,85532.20117,40828.71899
,Mt. Paran Parkway,Mt. Paran Parkway,6.9,3945506.094,100,11,0.11,0.167616138,0.346711845,1367953.697,12863.38184,394458.4644,381595.0825,105227.2074,54550.55762,124568.0127,46375.03662,65911.57715,19536.54053,6793275.363,37854.20215,598660.9575,560806.7554,69319.13636,47744.01904,84538.93863,44863.05688,56184.44702,11321.39014
,Niskey Cove,Niskey Cove,91.9,2286925.856,83,9,0.108433735,0.507402626,1.455529619,3328688.32,16228.8667,1156095.57,1139866.704,277390.6933,30042.43665,426488.5432,18315.95984,505414.562,487098.6022,3231562.16,11947.17236,582356.6389,570409.4666,36309.6872,23223.54224,60682.14082,19395.08618,39517.37622,20122.29004
,Niskey Lake,Niskey Lake,91.9,11762231.76,155,32,0.206451613,0.242874699,0.33934438,3991447.24,18327.54956,2077367.823,2059040.273,117395.507,25868.15576,351374.0374,22592.33179,44798.62598,22206.29419,12442735.75,2121.677979,2744744.181,2742622.503,95713.35192,40645.55713,260072.714,25161.76245,69260.01855,44098.2561
,North Buckhead,North Buckhead,14.6,74363200.27,1931,103,0.053340238,0.055898929,0.065759342,4890075.113,2502.920654,356917.6653,354414.7446,46572.14393,23806.06592,66060.80988,19228.3335,33680.94434,14452.61084,82590582.74,347.9321289,437498.5325,437150.6003,46139.99036,21799.31482,91810.03046,17221.82983,29782.54834,12560.71851
Y,Norwood Manor,Norwood Manor,89.9,14478201.04,235,85,0.361702128,0.453357536,0.226304155,3276477.052,3476.197998,1187850.939,1184374.741,34489.23213,9064.22876,143958.3805,5065.782715,11130.39795,6064.615234,3950660.012,752.7529297,597151.7878,596399.0349,25821.30727,9984.178711,77143.28948,9050.452637,12735.16479,3684.712158
,Oakcliff,Oakcliff,93.1,2916579.045,98,19,0.193877551,0.453897398,0.419344054,1223050.08,6454.646484,796644.3616,790189.7151,64371.05683,10939.73804,175139.9008,9011.58374,21538.05286,12526.46912,1471501.786,201.9699707,162720.2966,162518.3267,18626.60489,10166.33154,24338.67594,8362.498657,20424.21411,12061.71545
,Oakland City,Oakland City,83.9,27459718.63,1293,331,0.255993813,0.202659192,0.117568258,3228391.286,2286.700928,127543.4082,125256.7073,9665.842173,8413.351074,7746.846596,7268.179932,10196.43579,2928.255859,12701758.51,871.6914063,721207.4851,720335.7937,13040.81982,8807.220581,35876.92947,7589.421387,10339.052,2749.630615
,Old Fairburn Village,Old Fairburn Village,92.1,906050.3123,39,1,0.025641026,0.004030983,0.018091829,16392.10718,16392.10718,16392.10718,0,16392.10718,16392.10718,0,16392.10718,16392.10718,0,4050136.65,431.0910645,1703302.093,1702871.001,106582.5434,17544.53699,350521.4804,13159.45435,22533.19336,9373.739014
,Old Fourth Ward,Old Fourth Ward,37.1,34111773.15,89,7,0.078651685,0.162837026,0.00317326,108245.5259,5307.009766,54882.84888,49575.83911,13530.69073,8026.56189,15741.07701,5953.461914,10047.80981,4094.3479,556502.0986,1463.672119,12789.58398,11325.91187,5857.916828,6175.099121,1673.863481,5297.511841,6626.008423,1328.496582
,Old Gordon,Old Gordon,95.2,3424733.477,36,6,0.166666667,0.179597112,0.058105828,198996.9756,13890.2168,52603.64331,38713.42651,33166.1626,34520.56555,12555.79459,22019.61719,41442.36719,19422.75,909021.8174,8711.354736,143562.1221,134850.7673,30300.72725,25474.34729,24204.75085,17791.33325,34117.83179,16326.49854
Y,Orchard Knob,Orchard Knob,89,12786692.81,368,58,0.157608696,0.122782599,0.108305453,1384868.553,6393.429688,223245.1421,216851.7124,23877.04401,13381.18921,30670.68458,9998.818115,25518.65503,15519.83691,9894160.9,1995.457275,797162.7073,795167.25,31916.64806,14334.38477,62321.63068,9811.144531,30125.94434,20314.7998
Y,Ormewood Park,Ormewood Park,11.3,22037397.5,1337,77,0.057591623,0.079897708,0.0540655,1191462.914,4748.125732,82309.72729,77561.60156,15081.80904,8802.666748,15471.93202,7537.243286,13871.68994,6334.446655,13720891.11,523.4748535,494942.7891,494419.3142,10603.47072,8424.735718,17119.73417,7302.568848,10670.31152,3367.742676
,Paces,Paces,6.7,83775988.57,609,38,0.062397373,0.068436654,0.080079081,6708704.168,28366.58447,688191.7903,659825.2058,156016.376,135893.5818,127280.4331,76466.30444,167516.6632,91050.35876,91319234.8,1322.994629,4788652.234,4787329.24,153995.3369,81768.54175,417055.5967,48899.14331,112560.4131,63661.26978
,Peachtree Battle Alliance,Peachtree Battle Alliance,2.4,19978511.38,565,20,0.03539823,0.032238395,0.04172896,833682.4941,7578.851807,182663.0422,175084.1904,37894.65882,24745.61475,40122.70601,16508.35156,36377.03906,19868.6875,25026243.44,2294.131348,6141161.242,6138867.11,42779.90332,23201.53857,255151.3853,15654.7561,34983.4707,19328.7146
,Peachtree Heights East,Peachtree Heights East,4.1,5803162.029,300,15,0.05,0.047961353,0.034124595,198030.554,4341.351807,20618.06079,16276.70898,13202.03693,13255.76196,4588.043741,9982.215698,16627.65393,6645.438232,3930930.432,3555.822998,193283.126,189727.303,13792.73836,9766.735107,16420.75488,7574.009766,14837.1604,7263.150635
,Peachtree Heights West,Peachtree Heights West,11.9,25260753.77,742,102,0.137466307,0.314315642,0.398582093,10068484.09,3550.698486,203817.9736,200267.2751,95890.3247,105094.3428,57260.5588,48234.27612,105094.3428,56860.06665,21964551.32,5526.885498,1441774.256,1436247.371,56464.1422,35867.66016,131785.6739,24848.61133,47855.44482,23006.8335
,Peachtree Hills,Peachtree Hills,4.1,14401704.13,748,36,0.048128342,0.200484908,0.146057801,2103481.233,100,350784.6887,350684.6887,58430.03426,9954.741699,117651.1198,7704.253174,16627.70947,8923.456299,8388486.757,99.99951172,499429.4536,499329.4541,13210.21536,8861.88208,31808.51505,7803.009155,11183.80847,3380.799316
,Peachtree Park,Peachtree Park,16,13553029.71,535,24,0.044859813,0.100999585,0.065646787,889712.853,6337.738281,224045.0442,217707.3059,37071.36888,14572.1355,53111.78987,10426.12048,24146.49194,13720.37146,7919361.467,3420.625244,197341.054,193920.4287,15497.77195,13239.99878,13152.3229,9995.102295,17062.69641,7067.594116
,Penelope Neighbors,Penelope Neighbors,90.2,5499619.478,258,34,0.131782946,0.043270511,0.068306738,375661.0676,8516.715088,21753.05615,13236.34106,11048.85493,9580.446289,3622.908871,8997.861084,10466.13013,1468.269043,8306026.739,2075.965332,2422094.061,2420018.096,36429.94184,10315.57886,225640.9733,9144.725464,12994.72107,3849.995605
,Peoplestown,Peoplestown,72,14794078.43,149,12,0.080536913,0.076253634,0.00649521,96090.64111,4932.987793,11145.24829,6212.260498,8007.553426,7354.647339,1625.938652,7153.19165,9051.330933,1898.139282,1164054.424,1569.266113,20656.80566,19087.53955,8496.747619,8702.814453,2430.440257,7251.859375,9735.330566,2483.471191
,Perkerson,Perkerson,74.6,26475906.42,565,96,0.169911504,0.200092086,0.091139501,2413000.898,5024.145264,305125.925,300101.7798,25135.42603,11336.67151,46676.77421,9025.205933,18996.70654,9971.50061,9646451.052,189.9580078,456062.8447,455872.8867,20568.12591,11670.97363,40107.20943,9609.762695,15649.44946,6039.686768
,Peyton Forest,Peyton Forest,87.8,12479594.69,380,31,0.081578947,0.062428069,0.102113891,1274339.977,16376.30054,167046.6675,150670.3669,39823.12429,22705.3894,41523.78151,19152.89001,36167.9834,17015.09338,19138592.78,2718.939697,2271185.43,2268466.49,54681.69366,21637.92993,195238.0537,18970.72437,28003.1936,9032.469238
,Peyton Heights,Peyton Heights,89.2,5293459.696,161,6,0.037267081,0.029350424,0.045067489,238562.9368,19501.01855,59271.37939,39770.36084,39760.48946,41210.04736,14387.93038,24302.97021,53067.47388,28764.50366,7889528.695,1304.143555,853336.0374,852031.8938,48700.79442,24528.11511,86432.73878,19003.25806,43776.35767,24773.09961
,Piedmont Heights,Piedmont Heights,33.2,13527657.7,383,19,0.049608355,0.127174684,0.063870599,864019.5962,6934.253662,201734.7188,194800.4651,45474.71559,11274.6001,68971.85459,9017.336792,29508.53394,20491.19714,5929939.469,2872.701904,598254.5081,595381.8062,17544.19961,9822.943604,46445.94063,8510.529053,12819.26685,4308.737793
,Pine Hills,Pine Hills,22,31241690.2,794,36,0.04534005,0.202642516,0.108785764,3398651.126,736.4421387,653378.6709,652642.2288,94406.97572,25098.35791,152825.049,17645.25671,79698.93604,62053.67932,13373007.63,40.75244141,699002.4561,698961.7036,27687.3864,20615.50757,43957.30857,17799.46741,27366.30859,9566.841187
,Pittsburgh,Pittsburgh,74.3,22304542.55,1475,403,0.273220339,0.178344779,0.084151372,1876957.856,1228.241943,17517.45557,16289.21362,4657.463662,4286.866211,2250.404736,3180.548462,5198.915527,2018.367065,8647364.031,803.6757813,786594.4512,785790.7754,8059.053151,4694.885986,39625.73216,3583.724121,5407.283936,1823.559814
,Pleasant Hill,Pleasant Hill,6.7,11006253.77,109,3,0.027522936,0.051229963,0.069359518,763388.4578,96108.69043,313147.2903,217038.5999,190847.1144,177066.2385,96722.25218,96108.69043,285585.5385,189476.848,14137821.89,8350.034668,3560615.734,3552265.699,115883.786,82058.31995,317785.4486,55943.01685,97130.41528,41187.39844
Y,Polar Rock,Polar Rock,78.1,13060667.58,530,102,0.19245283,0.220961908,0.174062609,2273373.871,3486.944092,685236.8003,681749.8562,22071.59098,11455.53467,67876.57203,9606.415283,13900.54138,4294.126099,8015159.085,267.1691895,362461.6265,362194.4573,18639.90485,10968.01746,33852.80611,9598.163086,15343.17041,5745.007324
,Pomona Park,Pomona Park,92.4,2035340.808,117,15,0.128205128,0.133832326,0.113205607,230411.9915,11910.63257,22235.7876,10325.15503,15360.79943,14585.34912,3141.584763,12765.01855,17130.47229,4365.453735,1491234.782,20.18603516,36853.95776,36833.77173,14619.94885,12916.72046,4781.25109,12062.75952,16308.2915,4245.531982
,Princeton Lakes,Princeton Lakes,98.2,20785489.23,87,6,0.068965517,0.085040136,0.0313672,651982.6021,5125.752686,619557.9761,614432.2234,108663.767,6831.338257,228480.4353,6040.717041,7595.479736,1554.762695,7014780.756,2022.213623,1403160.181,1401137.968,86602.23155,7350.825928,283828.9252,6682.604004,12244.02612,5561.422119
,Randall Mill,Randall Mill,6.9,9491355.479,135,13,0.096296296,0.296915221,0.396039365,3758950.399,25566.02808,1765705.813,1740139.785,289150.0307,65924.24463,461976.9032,46067.78174,346060.1343,299992.3525,8901062.05,12830.97021,623031.0132,610200.043,72959.525,48417.99146,91586.96875,40685.91382,60063.35718,19377.44336
Y,Rebel Valley Forest,Rebel Valley Forest,89.9,4894277.885,181,68,0.375690608,0.552776543,0.461064101,2256575.831,7460.127441,660916.1726,653456.0452,33184.93869,9797.677368,99686.35959,9385.462769,11045.40869,1659.945923,1825681.021,7108.946045,367556.0015,360447.0554,16156.46921,9932.525146,36997.87808,9278.646484,11362.93408,2084.287598
,Regency Trace,Regency Trace,95.8,2961741.844,25,1,0.04,0.00716865,0.003383381,10020.70142,10020.70142,10020.70142,0,10020.70142,10020.70142,0,10020.70142,10020.70142,0,1387829.874,9577.262939,520538.9995,510961.7366,57826.24475,23333.92175,113176.3531,18031.96021,31880.59253,13848.63232
,Reynoldstown,Reynoldstown,26.7,17223812.06,3,1,0.333333333,0.337933614,0.000575851,9918.345703,9918.345703,9918.345703,0,9918.345703,9918.345703,0,9918.345703,9918.345703,0,19431.63696,1693.318848,17738.31812,16044.99927,9715.818481,9715.818481,8022.499634,1693.318848,17738.31812,16044.99927
,Ridgecrest Forest,Ridgecrest Forest,90,3230668.251,190,24,0.12631579,0.063200553,0.148983166,481315.1846,7362.499756,194057.3149,186694.8152,20054.79936,11206.08008,36598.05408,9401.856323,14190.56165,4788.705322,7134364.814,7248.817627,1632730.395,1625481.577,42978.10129,10890.65637,189584.5156,9276.813232,14633.91553,5357.102295
,Ridgedale Park,Ridgedale Park,28.9,5071968.849,152,14,0.092105263,0.079967959,0.055185033,279896.7681,14571.63745,28874.02002,14302.38257,19992.62629,20906.80957,3493.069168,16731.65161,20906.80957,4175.157959,3220214.655,2667.814697,351514.8267,348847.012,24395.56556,18422.67444,30684.37308,15319.23279,29027.98486,13708.75208
,Ridgewood Heights,Ridgewood Heights,17.9,5968603.015,425,15,0.035294118,0.22286763,1.104528403,6592491.559,5518.128662,1589185.763,1583667.634,412030.7224,17766.68298,679783.5134,11473.11572,829870.4614,818397.3457,22987809.42,5824.413574,4788652.234,4782827.821,88756.02091,17052.49609,512823.8448,12818.3429,31861.64844,19043.30554
,Riverside,Riverside,30.5,21784340.24,726,91,0.125344353,0.123892753,0.104359169,2273395.643,3002.26416,667408.8403,664406.5762,24982.3697,9712.188477,76199.79427,8309.524658,13228.99109,4919.466431,16076310.74,582.1621094,3164821.594,3164239.432,25237.53649,9867.934326,143367.0571,8187.222168,13137.56641,4950.344238
,Rockdale,Rockdale,69.6,15608124.23,11,3,0.272727273,0.119773558,0.031515971,491905.1882,10064.39233,427578.0557,417513.6633,163968.3961,54262.74023,187271.4838,32163.56628,240920.3979,208756.8317,3615054.606,68447.95337,928540.0923,860092.1389,401672.734,381908.6697,283476.9401,111020.5579,570474.1926,459453.6348
Y,Rosedale Heights,Rosedale Heights,89,8713077.432,183,20,0.109289618,0.037314621,0.053518247,466308.6331,10371.21509,90969.47192,80598.25684,23315.43165,13497.37329,20282.48134,12428.70935,25768.36023,13339.65088,12030364.68,8329.908691,6924257.279,6915927.37,73805.91826,13788.99976,540102.4887,12473.23474,32452.2843,19979.04956
,Rue Royal,Rue Royal,97.9,982002.4976,51,8,0.156862745,0.558949671,0.811871197,797259.5427,7401.261475,721683.9329,714282.6714,99657.44284,11744.02771,235108.6165,10272.6322,12070.51428,1797.88208,629093.4631,6699.933838,47335.81128,40635.87744,14630.08054,12134.6001,8320.271054,10868.02515,14429.68005,3561.654907
,Sandlewood Estates,Sandlewood Estates,91.9,2461632.193,204,19,0.093137255,0.194947393,0.311231509,766137.5027,8630.356201,501703.9299,493073.5737,40323.02646,11711.19019,109013.3802,9760.096313,17609.27893,7849.182617,3163832.999,4871.591309,520538.9995,515667.4082,17101.79999,10200.36963,49572.49181,9201.883789,13156.01514,3954.131348
,Scotts Crossing,Scotts Crossing,69.6,13539658.48,247,49,0.198380567,0.188366033,0.154965405,2098178.665,3881.320068,501545.0066,497663.6865,42819.97275,8536.150879,107614.0235,5733.930664,13869.6355,8135.704834,9040659.01,808.5769043,3164821.594,3164013.017,45659.89399,8887.408325,239541.6787,5836.812988,13984.62354,8147.810547
,Sherwood Forest,Sherwood Forest,8.9,5813186.502,240,7,0.029166667,0.011665981,0.021836189,126937.8411,8613.855957,26882.05176,18268.1958,15867.23013,15023.29333,5557.559873,11755.53406,18942.13928,7186.605225,10754087.62,6430.666016,2252736.644,2246305.978,40277.48173,19154.8606,196789.0959,16576.19153,23234.45459,6658.263062
,South Atlanta,South Atlanta,90.6,12879253.21,576,108,0.1875,0.130623716,0.061119334,787171.3762,1754.728516,34753.51465,32998.78613,7288.623854,6864.602783,4008.777906,5786.65625,7909.826294,2123.170044,5239080.23,1695.29126,429481.9031,427786.6118,11076.27956,7176.395264,31917.47224,6050.150879,8136.720459,2086.56958
,South Oakes at Cascade,South Oakes at Cascade,92.1,990553.21,3,1,0.333333333,0.95343925,0.615899045,610080.7759,610080.7759,610080.7759,0,610080.7759,610080.7759,0,610080.7759,610080.7759,0,29793.00293,11766.61108,18026.39185,6259.780762,14896.50146,14896.50146,3129.890381,11766.61108,18026.39185,6259.780762
Y,South River Gardens,South River Gardens,85.2,78582885.22,871,199,0.22847302,0.105909354,0.113550131,8923096.932,5293.156006,3339863.517,3334570.361,44839.68308,14095.53882,262214.2654,10987.51648,17970.86292,6983.346436,75329111,3462.011963,5626034.938,5622572.927,111930.3284,16169.69287,398117.2884,11157.18384,31597.14673,20439.96289
,South Tuxedo Park,South Tuxedo Park,11.2,10628146.05,288,25,0.086805556,0.111935788,0.075617329,803672.0156,5765.991455,142719.3772,136953.3857,32146.88063,25769.68652,28543.35392,9724.815674,38718.69995,28993.88428,6376087.32,7518.394043,789060.9285,781542.5344,31102.86498,23728.89111,67527.62453,10370.69604,30153.83618,19783.14014
,Southwest,Southwest,93,54992889.77,794,106,0.133501259,0.153740312,0.139514813,7672322.703,5482.404053,962102.9045,956620.5005,67896.66109,19597.53809,148237.2299,12655.34619,55054.56299,42399.2168,42232107.83,837.9147949,1782559.279,1781721.364,59065.88508,21200.35962,142824.9847,14513.71814,40796.47437,26282.75623
,Springlake,Springlake,7.6,6636466.804,403,16,0.039702233,0.134670978,0.116139424,770755.4294,7897.989014,272415.2703,264517.2813,42819.74608,11503.76807,81555.79434,9493.297363,20497.50195,11004.20459,4952492.768,3965.681152,58756.59009,54790.90894,13531.401,11283.67664,7094.15825,9276.231934,15343.37305,6067.141113
,State Facility,State Facility,42.3,5099474.589,38,4,0.105263158,0.020281459,0.017978344,91680.1084,13797.88477,43535.17188,29737.28711,22920.0271,17173.52588,11984.13188,15314.15356,30525.90063,15211.74707,4428710.11,11830.14819,2186538.741,2174708.593,130256.1797,17823.2373,439278.9451,13559.72827,25713.24463,12153.51636
,Summerhill,Summerhill,63.2,15012702.96,637,81,0.127158556,0.086520169,0.023175039,347919.9707,1051.524658,15099.12109,14047.59644,4045.581055,3643.005859,2235.899887,2684.850342,4594.473145,1909.622803,3673338.593,1100.207275,519748.4409,518648.2336,6606.724088,4287.647583,26283.42736,3132.165039,5356.411499,2224.24646
Y,Swallow Circle/Baywood,Swallow Circle Baywood,78.1,8689997.092,280,69,0.246428571,0.087209791,0.121082137,1052203.421,6485.43335,96085.9353,89600.50195,15249.32494,9160.196045,17260.13157,8259.051758,12059.53052,3800.47876,11012994.81,2563.467041,3410223.684,3407660.217,52194.28822,10122.19995,265542.4664,8500.214111,19777.22986,11277.01575
,Sylvan Hills,Sylvan Hills,70.9,45865190.76,1546,287,0.185640362,0.277132626,0.177218256,8128149.129,3441.868408,1378889.627,1375447.759,28028.10045,9111.163696,108475.9371,7582.474854,11012.04663,3429.571777,21201306.72,652.0473633,2126961.767,2126309.719,16773.18569,9315.419067,85190.79831,7628.738281,11128.2124,3499.474121
,Tampa Park,Tampa Park,97.9,748868.1521,54,8,0.148148148,0.083510111,0.181203196,135697.3025,11695.78955,22066.36597,10370.57642,16962.16281,17138.54102,4135.372234,12410.10767,21418.9248,9008.817139,1489223.326,6797.33667,749225.0833,742427.7466,32374.42014,14461.00574,107015.6257,12317.76001,20366.92578,8049.165771
,The Villages at East Lake,The Villages at East Lake,46.3,8157061.983,11,7,0.636363636,0.718895669,0.456895412,3726924.199,34446.46362,1488733.518,1454287.055,532417.7427,356603.0391,494779.9753,135220.6606,788349.9283,653129.2677,1457310.956,15765.94263,915253.1902,899487.2476,364327.7391,263145.9117,333893.5392,131956.9358,596698.5424,464741.6066
,Thomasville Heights,Thomasville Heights,88.6,17711138.87,570,99,0.173684211,0.167304496,0.133543569,2365208.702,3480.679688,580895.0881,577414.4084,23890.99699,11300.08447,74114.52067,9575.51355,14145.87671,4570.363159,11771940.99,1087.874023,1082654.277,1081566.403,24993.50528,11246.03955,80498.91416,9436.603149,14937.84534,5501.242188
,Tuxedo Park,Tuxedo Park,6.9,32018585.55,441,35,0.079365079,0.104558025,0.11424519,3657969.397,16023.77905,313459.1128,297435.3337,96262.35255,68251.61487,74359.50373,44775.04395,124984.1765,80209.13257,31327096.39,5051.961914,657920.418,652868.4561,68549.44504,51619.27368,62643.85612,33980.27051,84224.89307,50244.62256
,Underwood Hills,Underwood Hills,18.3,31289894.1,494,24,0.048582996,0.143863459,0.039268179,1228697.154,5898.460693,562516.4597,556617.999,45507.30201,13030.27368,108290.877,9609.683105,24739.87964,15130.19653,7312020.304,100,577055.1406,576955.1406,15201.70541,9837.037598,36833.54061,7600.89502,13150.09595,5549.200928
,Venetian Hills,Venetian Hills,87.4,26827770.85,1523,324,0.212738017,0.171880885,0.149644949,4014640.398,2963.631348,116892.7983,113929.167,12277.18776,10947.8623,8049.226835,7492.766357,14429.75574,6936.98938,19342467.66,1096.341064,406880.04,405783.699,15998.73256,12008.39453,24009.58626,9432.156006,16297.58179,6865.425781
Y,Virginia Highland,Virginia Highland,5.5,29227604.36,1776,92,0.051801802,0.051039355,0.035067158,1024929.028,99.99951172,63984.09009,63884.09058,10903.5003,8280.107544,9799.333054,7459.49707,9794.371826,2334.874756,19056222.81,99.99951172,603367.2051,603267.2056,11390.44998,8406.850342,23846.02855,7542.250244,9956.351074,2414.10083
,Washington Park,Washington Park,88.1,7145352.273,8,1,0.125,0.00251099,0.000397246,2838.462891,2838.462891,2838.462891,0,2838.462891,2838.462891,0,2838.462891,2838.462891,0,1127577.352,5170.909668,870636.9902,865466.0806,140947.169,9529.432495,279107.54,7245.507568,109109.7859,101864.2783
,Wesley Battle,Wesley Battle,17.9,8657659.576,299,4,0.013377926,0.076884736,0.092320304,799277.7664,29035.26563,582196.8928,553161.6272,199819.4416,94022.80396,226023.0036,32849.80542,366789.0778,333939.2723,9596514.758,835.8918457,1758274.571,1757438.679,46585.02309,29955.32312,123289.5544,22236.73218,44248.42749,22011.69531
,West End,West End,75.9,29663976.66,1055,162,0.153554502,0.146157704,0.051879765,1538960.138,99.99951172,39819.97388,39719.97437,9499.753936,8053.674194,5627.886896,6605.876465,10623.49634,4017.619873,8990489.211,177.7150879,493153.8286,492976.1135,10274.84481,8013.7854,21372.6443,6879.629761,9446.585815,2566.956055
,West Highlands,West Highlands,69.6,22085523.27,42,11,0.261904762,0.046128952,0.035130842,775883.0354,12198.86011,351268.2356,339069.3755,70534.8214,25139.02612,100955.0497,19566.23291,43011.81287,23445.57996,16043988.09,6252.974609,5360672.468,5354419.493,517548.003,44024.67017,1279158.021,25553.55969,213623.2241,188069.6644
,West Lake,West Lake,90.2,8078169.656,443,70,0.158013544,0.130300207,0.105775936,854475.9526,1073.838623,94102.05176,93028.21313,12206.79932,8906.508789,12418.90116,7324.347656,12282.10864,4957.760986,5703272.264,2794.542725,233852.3152,231057.7725,15290.27417,9765.037109,24338.81716,7633.359619,11849.84985,4216.490234
,West Manor,West Manor,92.1,7488643.844,224,13,0.058035714,0.057556594,0.052034105,389664.8782,17171.08496,71674.44092,54503.35596,29974.2214,24773.77954,14090.31002,21544.29883,35585.69946,14041.40063,6380452.15,747.3569336,457110.3474,456362.9905,30239.10971,23767.64917,34479.92558,19243.98047,31267.19421,12023.21375
,West Paces Ferry/Northside,West Paces Ferry Northside,6.9,18643305.67,437,17,0.038901602,0.05204112,0.05411227,1008831.581,18347.97876,118563.5947,100215.616,45855.98097,32514.64624,31823.50954,20077.55981,63181.73828,43104.17847,18376446.63,12074.89136,1347683.541,1335608.65,40566.10734,24437.96191,92477.91818,20229.5271,35318.16284,15088.63574
,Westhaven,Westhaven,87.8,6612776.472,127,20,0.157480315,0.203796825,0.109095262,721422.5811,8071.851807,403192.8318,395120.98,36071.12905,14838.98987,84560.712,10347.45068,24736.75842,14389.30774,2818488.208,624.326416,192650.1223,192025.7959,26341.01129,20449.45703,28564.70161,12854.12097,29722.16919,16868.04822
,Westminster/Milmar,Westminster Milmar,3.8,3940356.62,140,3,0.021428571,0.04792122,0.038561891,151947.6006,49435.88818,52432.02222,2996.134033,50649.2002,50079.69019,1287.752829,49757.78918,51255.8562,1498.067017,3018831.463,2523.058838,66659.23315,64136.17432,20125.54309,18169.40674,8945.455151,15828.76147,23441.34448,7612.583008
,Westover Plantation,Westover Plantation,17.9,2235693.18,283,5,0.017667845,0.934973482,5.947007002,13295682.99,582196.8928,1589185.763,1006988.87,1477298.11,1589185.763,316466.0704,1589185.763,1589185.763,0,924702.1287,62008.1272,451340.8359,389332.7087,308234.0429,411353.1655,174871.676,236680.6464,431347.0007,194666.3544
,Westview,Westview,75.1,17450289.65,1264,211,0.16693038,0.081643361,0.126241865,2202957.107,3428.834229,76934.97949,73506.14526,10198.8755,7905.268921,8636.155138,7158.37915,10143.00085,2984.621704,24779728.21,623.324707,12395523.6,12394900.27,23443.45148,8445.012939,387094.8422,7259.665283,9999.00415,2739.338867
,Westwood Terrace,Westwood Terrace,93.4,6147412.03,427,57,0.133489461,0.013919055,0.097018442,596412.3376,5899.206787,21374.47974,15475.27295,10463.37434,9191.973145,3772.6875,7816.94873,12436.79688,4619.848145,42252210.53,996.8442383,12395523.6,12394526.75,111483.4051,10400.56543,983253.4027,7676.626221,15143.72607,7467.099854
,Whitewater Creek,Whitewater Creek,6.9,10510228.72,143,9,0.062937063,0.102007394,0.107204651,1126745.402,43996.55835,434910.0754,390913.5171,125193.9335,102839.4927,113882.2108,49285.12915,116884.5042,67599.375,9918977.459,7422.125977,1060269.318,1052847.192,68881.78791,52027.93066,87701.50822,44408.56458,70842.76648,26434.2019
,Whittier Mill Village,Whittier Mill Village,30.5,8852402.621,145,4,0.027586207,0.086755016,0.032569628,288319.4604,6396.445557,261757.0496,255360.604,72079.86511,10082.98267,109523.7077,7648.380737,136511.3495,128862.9688,3035055.646,4764.220947,752176.1533,747411.9324,21525.21735,8645.182617,86986.98696,6496.658447,11018.24585,4521.587402
,Wildwood Forest,Wildwood Forest,98,2898583.552,151,11,0.072847682,0.406030221,0.683040709,1979850.564,11210.73755,1827728.53,1816517.793,179986.4149,15096.32373,521073.8854,12080.26538,19097.56323,7017.297852,2896265.705,10726.33276,206196.6357,195470.303,20687.61218,17765.77783,18336.00019,13889.21313,20314.42822,6425.215088
,Wildwood (NPU-C),Wildwood NPU C,7.6,10270034.29,407,11,0.027027027,0.09840586,0.08661263,889514.6814,10897.57202,272415.2703,261517.6982,80864.97104,23433.40918,104874.8117,12407.09619,117047.3307,104640.2345,8149730.341,3327.788818,303760.3086,300432.5198,22026.29822,16425.79797,24722.44608,13492.948,22574.47705,9081.529053
,Wildwood (NPU-H),Wildwood NPU H,90,7784112.681,517,42,0.081237911,0.002617779,0.110614236,861033.6743,7726.722656,194057.3149,186330.5923,20500.80177,12282.63794,28852.50384,10644.61133,16713.01123,6068.399902,328056604.1,7931.675293,1816718.805,1808787.13,690645.4824,1189654.298,580415.1052,13195.34253,1189654.298,1176458.955
,Wilson Mill Meadows,Wilson Mill Meadows,90,10539188.05,309,51,0.165048544,0.487976702,0.374422247,3946106.474,7487.43042,1418083.207,1410595.776,77374.63674,9338.510254,235322.9146,7956.071411,13144.79175,5188.720337,4140563.351,6515.760254,257088.4512,250572.6909,16048.69516,9619.619873,22892.5395,7958.821289,13113.81445,5154.993164
,Wisteria Gardens,Wisteria Gardens,90,4822528.131,269,27,0.100371747,0.072818326,0.082299139,396889.9121,9004.410645,55664.61206,46660.20142,14699.62637,11829.03589,8947.37012,10642.09705,14233.93579,3591.838745,5053522.565,7289.379395,833576.4028,826287.0234,20882.32465,11362.78613,57311.63866,10013.18164,13468.48755,3455.305908
,Woodfield,Woodfield,3.8,2020771.693,54,1,0.018518519,0.002741068,0.005264211,10637.7688,10637.7688,10637.7688,0,10637.7688,10637.7688,0,10637.7688,10637.7688,0,3870246.903,7302.334473,1593760.998,1586458.664,60472.60785,18941.93347,209580.334,14088.27429,27693.7699,13605.49561
,Woodland Hills,Woodland Hills,42.3,4125419.677,217,14,0.064516129,0.089383861,0.114693087,473157.1174,1010.98999,295848.6301,294837.6401,33796.93696,10723.5293,73858.54633,7701.281006,11377.18994,3675.908936,4820383.686,2509.601807,2186538.741,2184029.139,23399.92081,9990.525269,151713.6215,7601.172363,13181.56592,5580.393555
,Wyngate,Wyngate,2.4,8136555.007,164,8,0.048780488,0.067682062,0.080864362,657957.3298,25048.38989,182663.0422,157614.6523,73106.36998,68865.65015,48672.70201,31885.32544,77197.97852,45312.65308,9063338.279,17301.14429,784462.5813,767161.437,52693.8272,33739.19385,68032.93175,26054.26123,55506.61951,29452.35828